permalink,name,homepage_url,category_list, market , funding_total_usd ,status,country_code,state_code,region,city,funding_rounds,founded_at,founded_quarter,founded_year,first_funding_at,last_funding_at,seed,venture,equity_crowdfunding,undisclosed,convertible_note,debt_financing,angel,grant,private_equity,post_ipo_equity,post_ipo_debt,secondary_market,product_crowdfunding,round_A,round_B,round_C,round_D,round_E,round_F,round_G,round_H
/organization/accion-texas,Accion Texas,http://acciontexas.org,|Nonprofits|, Nonprofits ," 28,00,000 ",operating,USA,TX,San Antonio,San Antonio,1,1994-01-01,1994-Q1,1994,2013-09-25,2013-09-25,0,0,0,0,0,0,0,2800000,0,0,0,0,0,0,0,0,0,0,0,0,0
/organization/acronym-media-inc,"Acronym Media, Inc.",http://www.acronym.com,|Analytics|Internet Marketing|Search Marketing|Semantic Search|SEO|Search|, Semantic Search , -   ,operating,USA,NY,New York City,New York,1,1995-03-01,1995-Q1,1995,2001-09-05,2001-09-05,0,0,0,0,0,0,0,0,0,0,0,0,0,0,0,0,0,0,0,0,0
/organization/adaptive-media,"Adaptive Medias, Inc.",http://www.adaptivem.com,|Displays|Mobile|Video|Advertising|, Advertising ," 1,04,00,000 ",operating,USA,CA,Anaheim,Irvine,2,2012-01-01,2012-Q1,2012,2014-09-12,2014-09-15,0,5200000,0,0,0,0,0,0,0,5200000,0,0,0,0,0,0,0,0,0,0,0
/organization/airpush,Airpush,http://www.airpush.com,|Advertising|, Advertising ," 4,00,000 ",operating,USA,CA,Los Angeles,Los Angeles,1,2010-12-01,2010-Q4,2010,2011-01-03,2011-01-03,400000,0,0,0,0,0,0,0,0,0,0,0,0,0,0,0,0,0,0,0,0
/organization/apex-therapeutics,Apex Therapeutics,http://apextherapeutics.com,|Biotechnology|, Biotechnology ," 24,88,899 ",operating,USA,IN,Indianapolis,Indianapolis,1,2005-01-01,2005-Q1,2005,2013-06-20,2013-06-20,2488899,0,0,0,0,0,0,0,0,0,0,0,0,0,0,0,0,0,0,0,0
/organization/aponia-laboratories,Aponia Laboratories,http://aponialaboratories.com,|Biotechnology|, Biotechnology ," 45,13,712 ",closed,USA,CT,Hartford,Greenwich,3,2010-01-01,2010-Q1,2010,2011-01-31,2013-01-31,0,3731712,0,0,0,782000,0,0,0,0,0,0,0,0,0,0,0,0,0,0,0
/organization/app-io,App.io,http://app.io,|Advertising|Mobile|Finance|iPad|iPhone|iOS|, Advertising ," 22,55,000 ",operating,USA,CA,SF Bay Area,San Francisco,4,2012-04-22,2012-Q2,2012,2012-04-22,2013-05-28,2255000,0,0,0,0,0,0,0,0,0,0,0,0,0,0,0,0,0,0,0,0
/organization/aptito,Aptito,http://www.aptito.com,|Software|, Software ," 10,00,000 ",acquired,USA,FL,Miami,North Miami Beach,2,2011-01-11,2011-Q1,2011,2011-01-11,2012-05-10,600000,0,0,0,0,0,400000,0,0,0,0,0,0,0,0,0,0,0,0,0,0
/organization/arctrieval,Arctrieval,http://www.arctrieval.com,|Health and Wellness|, Health and Wellness ," 35,000 ",operating,USA,AZ,Phoenix,Phoenix,1,2009-01-01,2009-Q1,2009,2010-07-12,2010-07-12,0,0,0,0,0,35000,0,0,0,0,0,0,0,0,0,0,0,0,0,0,0
/organization/aricent,Aricent Group,http://www.aricent.com,|Wireless|Consulting|, Consulting ," 6,47,00,000 ",operating,USA,NJ,Newark,East Brunswick,2,1991-01-01,1991-Q1,1991,2008-02-11,2008-09-23,0,4700000,0,0,0,0,0,0,60000000,0,0,0,0,0,0,0,0,0,0,0,0
/organization/aristos-logic,Aristos Logic,http://www.aristoslogic.com,|Hardware + Software|, Hardware + Software ," 9,93,60,000 ",operating,USA,CA,"Orange County, California",Foothill Ranch,2,2000-01-01,2000-Q1,2000,2006-01-01,2007-08-02,0,99360000,0,0,0,0,0,0,0,0,0,0,0,0,0,0,0,0,13360000,0,0
/organization/arroweyesolutions,Arroweye Solutions,http://www.arroweye.com,|Payments|Enterprise Software|, Payments ," 5,89,00,000 ",operating,USA,IL,Chicago,Chicago,7,1999-01-01,1999-Q1,1999,2000-03-31,2012-06-25,0,14000000,0,43400000,0,1500000,0,0,0,0,0,0,0,0,0,14000000,0,0,0,0,0
/organization/art-sy,Artsy,http://artsy.net,|Art|Design|, Design ," 2,59,40,053 ",operating,USA,NY,New York City,New York,5,2009-01-01,2009-Q1,2009,2010-01-01,2014-04-03,50000,24480053,0,0,1250000,160000,0,0,0,0,0,0,0,6000000,18480053,0,0,0,0,0,0
/organization/assembly-pharma,Assembly Pharma,http://assemblypharmaceuticals.com,|Biotechnology|, Biotechnology , -   ,operating,USA,CA,SF Bay Area,San Francisco,1,2012-01-01,2012-Q1,2012,2014-04-10,2014-04-10,0,0,0,0,0,0,0,0,0,0,0,0,0,0,0,0,0,0,0,0,0
/organization/atlas-powered,Atlas Powered,http://www.getatlas.com,|Productivity Software|Mobile|, Productivity Software ," 7,00,000 ",operating,USA,CA,Los Angeles,Santa Monica,1,2011-08-01,2011-Q3,2011,2012-12-01,2012-12-01,700000,0,0,0,0,0,0,0,0,0,0,0,0,0,0,0,0,0,0,0,0
/organization/audibell-designs,AudiBell Designs,http://www.AudiBellDesigns.com,|Fashion|, Fashion , -   ,operating,USA,GA,Atlanta,Stockbridge,1,2011-04-01,2011-Q2,2011,2011-04-08,2011-04-08,0,0,0,0,0,0,0,0,0,0,0,0,0,0,0,0,0,0,0,0,0
/organization/audicus,Audicus,http://www.audicus.com,|Health and Wellness|E-Commerce|, Health and Wellness ," 15,74,000 ",operating,USA,NY,New York City,New York,1,2011-01-01,2011-Q1,2011,2014-04-30,2014-04-30,0,0,0,0,0,1574000,0,0,0,0,0,0,0,0,0,0,0,0,0,0,0
/organization/augmented-pixels-co,Augmented Pixels CO,http://augmentedpixels.com,|Android|iPhone|Augmented Reality|Advertising|, Augmented Reality ," 5,00,000 ",operating,USA,NY,New York City,New York,1,2010-03-01,2010-Q1,2010,2013-02-19,2013-02-19,0,0,0,500000,0,0,0,0,0,0,0,0,0,0,0,0,0,0,0,0,0
/organization/aviacomm,Aviacomm,http://aviacomm.com,|Semiconductors|, Semiconductors ," 5,00,000 ",operating,USA,CA,SF Bay Area,Santa Clara,1,2009-01-01,2009-Q1,2009,2013-05-23,2013-05-23,500000,0,0,0,0,0,0,0,0,0,0,0,0,0,0,0,0,0,0,0,0
/organization/azumio,Azumio,http://www.azumio.com,|Software|, Software ," 25,00,000 ",operating,USA,CA,SF Bay Area,Palo Alto,2,2011-01-01,2011-Q1,2011,2011-07-27,2014-08-12,0,2500000,0,0,0,0,0,0,0,0,0,0,0,2500000,0,0,0,0,0,0,0
/organization/beachmint,BeachMint,http://www.beachmint.com,|E-Commerce|, E-Commerce ," 7,46,75,009 ",operating,USA,CA,Los Angeles,Santa Monica,4,2010-10-01,2010-Q4,2010,2010-06-14,2012-01-01,5000000,69675009,0,0,0,0,0,0,0,0,0,0,0,0,0,0,0,0,0,0,0
/organization/beckoncall,BeckonCall,http://BeckonCall.com,|Mobile|SaaS|Health Care|, Mobile ," 3,00,000 ",operating,USA,AZ,Phoenix,Scottsdale,1,2012-05-17,2012-Q2,2012,2013-06-01,2013-06-01,300000,0,0,0,0,0,0,0,0,0,0,0,0,0,0,0,0,0,0,0,0
/organization/benechill,BeneChill,http://www.benechill.com,|Health Care|, Health Care ," 3,55,13,893 ",operating,USA,CA,San Diego,San Diego,4,2004-01-01,2004-Q1,2004,2009-09-15,2013-02-20,0,34913892,0,0,0,600001,0,0,0,0,0,0,0,0,0,13500000,0,0,0,0,0
/organization/biophotonic-solutions,Biophotonic Solutions,http://www.biophotonicsolutions.com,|Hardware + Software|, Hardware + Software ," 10,00,000 ",operating,USA,MI,Lansing,East Lansing,1,2003-01-01,2003-Q1,2003,2013-10-01,2013-10-01,0,1000000,0,0,0,0,0,0,0,0,0,0,0,1000000,0,0,0,0,0,0,0
/organization/biostable,BioStable,http://www.biostable-s-e.com,|Biotechnology|, Biotechnology ," 55,00,000 ",operating,USA,TX,Austin,Austin,1,2008-01-01,2008-Q1,2008,2008-12-15,2008-12-15,0,5500000,0,0,0,0,0,0,0,0,0,0,0,5500000,0,0,0,0,0,0,0
/organization/blackfoot,Blackfoot,http://www.blackfoot.com,|Web Hosting|, Web Hosting ," 25,00,000 ",operating,USA,MT,Missoula,Missoula,1,2004-01-01,2004-Q1,2004,2006-06-13,2006-06-13,0,2500000,0,0,0,0,0,0,0,0,0,0,0,2500000,0,0,0,0,0,0,0
/organization/blife,bLife,http://myblife.com,|Software|, Software ," 15,00,000 ",operating,USA,CA,Los Angeles,Santa Monica,1,2010-01-01,2010-Q1,2010,2011-10-21,2011-10-21,1500000,0,0,0,0,0,0,0,0,0,0,0,0,0,0,0,0,0,0,0,0
/organization/bloomspot-com,Bloomspot,http://www.bloomspot.com,|Flash Sales|E-Commerce|, Flash Sales ," 5,10,50,000 ",acquired,USA,CA,SF Bay Area,San Francisco,4,2010-01-01,2010-Q1,2010,2009-01-01,2011-08-01,2050000,44000000,0,0,0,5000000,0,0,0,0,0,0,0,9000000,35000000,0,0,0,0,0,0
/organization/blue-fin-japanese-restaurant,Blue Fin Japanese Restaurant,http://www.bluefinva.com,|Restaurants|Hospitality|, Hospitality , -   ,operating,USA,VA,Norfolk - Virginia Beach,Virginia Beach,1,2006-07-01,2006-Q3,2006,2014-07-09,2014-07-09,0,0,0,0,0,0,0,0,0,0,0,0,0,0,0,0,0,0,0,0,0
/organization/boxcast,BoxCast,http://boxcast.com,|Photography|, Photography ," 2,50,000 ",operating,USA,OH,Cleveland,Cleveland,1,2009-01-01,2009-Q1,2009,2013-07-01,2013-07-01,250000,0,0,0,0,0,0,0,0,0,0,0,0,0,0,0,0,0,0,0,0
/organization/branching-minds,Branching Minds,http://www.branchingminds.com,|K-12 Education|Neuroscience|Personal Health|Marketplaces|Charter Schools|Parenting|Teachers|Skill Assessment|Education|, Personal Health ," 3,40,170 ",operating,USA,NY,New York City,New York,3,2012-01-01,2012-Q1,2012,2014-07-24,2014-07-24,340170,0,0,0,0,0,0,0,0,0,0,0,0,0,0,0,0,0,0,0,0
/organization/bridesandlovers-com,Bridesandlovers.com,http://bridesandlovers.com,|Online Dating|Social Media|, Online Dating ," 1,50,000 ",operating,USA,FL,Tampa,St. Petersburg,1,2009-11-12,2009-Q4,2009,2010-02-01,2010-02-01,150000,0,0,0,0,0,0,0,0,0,0,0,0,0,0,0,0,0,0,0,0
/organization/buzzvote,BuzzVote,http://www.buzzvote.com,|Games|Utilities|Entertainment|Social Network Media|Social Media|, Utilities ," 2,00,000 ",operating,USA,NY,New York City,New York,1,2010-01-23,2010-Q1,2010,2010-01-01,2010-01-01,200000,0,0,0,0,0,0,0,0,0,0,0,0,0,0,0,0,0,0,0,0
/organization/cafe-enterprises,Cafe Enterprises,http://cafeent.com,|Hospitality|, Hospitality ," 1,30,00,000 ",operating,USA,SC,Greenville - Spartanburg,Taylors,1,1988-01-01,1988-Q1,1988,2014-04-02,2014-04-02,0,13000000,0,0,0,0,0,0,0,0,0,0,0,0,0,0,0,0,0,0,0
/organization/carbonite,Carbonite,http://www.carbonite.com,|Technology|Storage|Flash Storage|Web Hosting|, Technology ," 6,71,92,715 ",operating,USA,MA,Boston,Boston,6,2006-05-01,2006-Q2,2006,2006-03-01,2010-01-07,0,67192715,0,0,0,0,0,0,0,0,0,0,0,6000000,20000000,21193815,19998900,0,0,0,0
/organization/cargosense,CargoSense,http://cargosense.com,|Big Data|Logistics|Sensors|Internet of Things|Cloud Computing|SaaS|Analytics|, Sensors , -   ,operating,USA,VA,"Washington, D.C.",Reston,1,2012-05-05,2012-Q2,2012,2014-08-13,2014-08-13,0,0,0,0,0,0,0,0,0,0,0,0,0,0,0,0,0,0,0,0,0
/organization/caringo,Caringo,http://www.caringo.com,|Software|, Software ," 69,32,079 ",operating,USA,TX,Austin,Austin,2,2005-01-01,2005-Q1,2005,2010-05-07,2014-07-23,0,6932079,0,0,0,0,0,0,0,0,0,0,0,0,0,0,0,0,0,0,0
/organization/cartasite,Cartasite,http://www.cartasite.com,|Web Development|Search|Security|Gas|Oil|Clean Energy|Geospatial|Maps|Tracking|Gps|Real Time|Mobile|, Gps ," 62,30,899 ",operating,USA,CO,Denver,Denver,3,2004-02-01,2004-Q1,2004,2004-01-01,2012-12-20,1200000,5030899,0,0,0,0,0,0,0,0,0,0,0,4500000,0,0,0,0,0,0,0
/organization/celator-pharmaceuticals,Celator Pharmaceuticals,http://www.celatorpharma.com,|Biotechnology|, Biotechnology ," 6,43,76,867 ",operating,USA,NJ,Newark,Princeton,4,1999-01-01,1999-Q1,1999,2010-05-10,2013-04-30,0,25076867,0,0,0,0,0,0,39300000,0,0,0,0,0,0,0,20000000,0,0,0,0
/organization/centrillion-biosciences,Centrillion Biosciences,http://www.centrillionbio.com,|Technology|Networking|Biotechnology|, Technology ," 2,43,00,000 ",operating,USA,CA,SF Bay Area,Palo Alto,4,2009-01-01,2009-Q1,2009,2009-10-01,2013-04-01,0,24300000,0,0,0,0,0,0,0,0,0,0,0,7500000,9000000,0,0,0,0,0,0
/organization/chart-io,Chartio,http://chartio.com,|Business Services|Enterprises|Analytics|, Analytics ," 67,70,000 ",operating,USA,CA,SF Bay Area,San Francisco,4,2010-06-01,2010-Q2,2010,2010-06-01,2014-01-24,1420000,5350000,0,0,0,0,0,0,0,0,0,0,0,3150000,0,0,0,0,0,0,0
/organization/choose-digital,Choose Digital,http://choosedigital.com,|Content|Incentives|Technology|Data Integration|Information Technology|Media|Loyalty Programs|Games|, Technology ," 45,00,000 ",acquired,USA,FL,Miami,Miami,1,2011-05-01,2011-Q2,2011,2012-03-23,2012-03-23,0,0,0,0,0,0,0,0,4500000,0,0,0,0,0,0,0,0,0,0,0,0
/organization/chronowake,ChronoWake,http://www.chronowake.com,|Biotechnology|Health Care|, Health Care ," 10,000 ",operating,USA,PA,Philadelphia,Philadelphia,1,2008-05-05,2008-Q2,2008,2009-03-27,2009-03-27,10000,0,0,0,0,0,0,0,0,0,0,0,0,0,0,0,0,0,0,0,0
/organization/claro,Claro,http://www.clrstechnology.com,|Manufacturing|, Manufacturing ," 21,83,127 ",operating,USA,CA,SF Bay Area,Hayward,1,2010-01-01,2010-Q1,2010,2010-02-16,2010-02-16,0,2183127,0,0,0,0,0,0,0,0,0,0,0,0,0,0,0,0,0,0,0
/organization/cobiscorp,Cobiscorp,http://www.cobiscorp.com,|Software|, Software ," 1,20,00,002 ",operating,USA,VA,"Washington, D.C.",Great Falls,1,1953-01-01,1953-Q1,1953,2013-08-14,2013-08-14,0,12000002,0,0,0,0,0,0,0,0,0,0,0,0,0,0,0,0,0,0,0
/organization/combinenet,CombineNet,http://www.combinenet.com,|Enterprise Software|, Enterprise Software ," 51,91,392 ",acquired,USA,PA,Pittsburgh,Pittsburgh,3,2000-01-01,2000-Q1,2000,2009-06-06,2010-06-09,0,4191392,0,0,0,1000000,0,0,0,0,0,0,0,0,0,0,0,0,0,0,0
/organization/connectloud,Connectloud,http://www.connectloud.com,|Software|, Software ," 38,50,000 ",operating,USA,TX,Dallas,Dallas,2,2013-01-01,2013-Q1,2013,2013-03-13,2014-01-14,0,0,0,0,0,250000,0,0,3600000,0,0,0,0,0,0,0,0,0,0,0,0
/organization/continuum-rehabilitation,Continuum Rehabilitation,http://continuumrehabilitation.com,|Health and Wellness|, Health and Wellness , -   ,operating,USA,CT,Hartford,Avon,1,2012-01-01,2012-Q1,2012,2013-11-04,2013-11-04,0,0,0,0,0,0,0,0,0,0,0,0,0,0,0,0,0,0,0,0,0
/organization/coolerado-corp,Coolerado,http://www.coolerado.com,|Clean Technology|, Clean Technology ," 72,00,000 ",operating,USA,NY,NY - Other,Denver,1,2004-01-01,2004-Q1,2004,2010-11-08,2010-11-08,0,7200000,0,0,0,0,0,0,0,0,0,0,0,0,7200000,0,0,0,0,0,0
/organization/coopers-sports-picks,Coopers Sports Picks,http://www.CoopersPick.com,|Sports|, Sports ," 90,000 ",operating,USA,MD,Baltimore,Owings Mills,2,2009-04-02,2009-Q2,2009,2009-02-05,2010-10-27,90000,0,0,0,0,0,0,0,0,0,0,0,0,0,0,0,0,0,0,0,0
/organization/covenant-kids-manor-inc,Covenant Kids Manor Inc.,http://www.kidsmanor.org,|Nonprofits|, Nonprofits , -   ,operating,USA,FL,Orlando,Orlando,1,2000-06-21,2000-Q2,2000,2013-09-13,2013-09-13,0,0,0,0,0,0,0,0,0,0,0,0,0,0,0,0,0,0,0,0,0
/organization/ctd-holdings,CTD Holdings,http://ctd-holdings.com,|Biotechnology|, Biotechnology ," 17,25,000 ",operating,USA,FL,Gainesville,Alachua,1,1990-01-01,1990-Q1,1990,2014-07-23,2014-07-23,0,1725000,0,0,0,0,0,0,0,0,0,0,0,0,0,0,0,0,0,0,0
/organization/cyber-holdings-inc,Cyber Holdings,http://www.warzonesecure.com,|Games|, Games ," 1,52,000 ",operating,USA,CA,San Diego,San Diego,1,2011-06-13,2011-Q2,2011,2013-05-13,2013-05-13,152000,0,0,0,0,0,0,0,0,0,0,0,0,0,0,0,0,0,0,0,0
/organization/cyphy-works,CyPhy Works,http://www.cyphyworks.com,|Manufacturing|, Manufacturing ," 99,50,002 ",operating,USA,MA,Boston,Danvers,3,2008-11-14,2008-Q4,2008,2010-02-02,2013-11-05,0,9950002,0,0,0,0,0,0,0,0,0,0,0,7000000,0,0,0,0,0,0,0
/organization/dailysingle,Dailysingle,http://www.dailysingle.com,|Curated Web|, Curated Web , -   ,operating,USA,NY,New York City,New York,1,2009-10-29,2009-Q4,2009,2009-11-01,2009-11-01,0,0,0,0,0,0,0,0,0,0,0,0,0,0,0,0,0,0,0,0,0
/organization/datameer,Datameer,http://www.datameer.com,|Enterprise Software|Big Data Analytics|Data Integration|Data Visualization|Software|Big Data|Analytics|, Enterprise Software ," 3,67,50,000 ",operating,USA,CA,SF Bay Area,San Francisco,4,2009-09-01,2009-Q3,2009,2010-04-15,2013-12-17,0,36750000,0,0,0,0,0,0,0,0,0,0,0,2500000,9250000,6000000,19000000,0,0,0,0
/organization/datranmedia,Datran Media,http://www.datranmedia.com,|Advertising|, Advertising ," 6,94,77,054 ",operating,USA,NY,New York City,New York,2,1998-01-01,1998-Q1,1998,2005-03-01,2011-05-18,0,69477054,0,0,0,0,0,0,0,0,0,0,0,0,0,0,0,0,60000000,0,0
/organization/dbi-services,DBi Services,http://dbiservices.com,|Public Transportation|, Public Transportation ," 3,50,00,000 ",operating,USA,PA,Scranton,Hazleton,1,1978-01-01,1978-Q1,1978,2014-03-17,2014-03-17,0,35000000,0,0,0,0,0,0,0,0,0,0,0,0,0,0,0,0,0,0,0
/organization/demibooks,Demibooks,http://www.demibooks.com,|Education|Textbooks|Mobile|Tablets|iOS|iPad|Publishing|Software|, Education ," 4,05,000 ",operating,USA,IL,Chicago,Chicago,2,2011-01-01,2011-Q1,2011,2011-10-18,2012-11-01,405000,0,0,0,0,0,0,0,0,0,0,0,0,0,0,0,0,0,0,0,0
/organization/devicescape,Devicescape,http://www.devicescape.com,|Location Based Services|Mac|Home & Garden|Linux|iPhone|Android|Software|Wireless|Mobile|, Mobile ," 2,68,12,411 ",operating,USA,CA,SF Bay Area,San Bruno,5,2000-01-01,2000-Q1,2000,2005-01-31,2013-02-14,0,15170000,0,0,0,8142411,0,0,3500000,0,0,0,0,0,12200000,0,0,0,0,0,0
/organization/digify,Digify,http://digify.com,|Mobile Security|Security|, Mobile Security ," 10,00,000 ",operating,USA,CA,SF Bay Area,Redwood City,1,2011-07-04,2011-Q3,2011,2013-07-12,2013-07-12,1000000,0,0,0,0,0,0,0,0,0,0,0,0,0,0,0,0,0,0,0,0
/organization/digital-reef,Digital Reef,http://www.digitalreefinc.com,|Legal|, Legal ," 2,00,00,000 ",acquired,USA,MA,Boston,Boxborough,2,2006-01-01,2006-Q1,2006,2006-01-01,2008-10-01,0,20000000,0,0,0,0,0,0,0,0,0,0,0,10000000,10000000,0,0,0,0,0,0
/organization/digital-tech-frontier,Digital Tech Frontier,http://www.digitaltechfrontier.com,|Software|, Software ," 3,25,000 ",operating,USA,AZ,Phoenix,Tempe,1,1996-01-01,1996-Q1,1996,2012-07-06,2012-07-06,325000,0,0,0,0,0,0,0,0,0,0,0,0,0,0,0,0,0,0,0,0
/organization/dobango,Dobango,http://www.dobango.com,|Games|, Games ," 6,00,000 ",operating,USA,CA,SF Bay Area,Sunnyvale,1,2011-03-01,2011-Q1,2011,2012-10-03,2012-10-03,600000,0,0,0,0,0,0,0,0,0,0,0,0,0,0,0,0,0,0,0,0
/organization/done-in-60-seconds,Done In :60 Seconds,http://www.donein60.com,|Advertising|, Advertising ," 30,000 ",operating,USA,KY,Lexington,Lexington,1,2007-02-01,2007-Q1,2007,2010-07-01,2010-07-01,0,0,0,0,0,0,0,30000,0,0,0,0,0,0,0,0,0,0,0,0,0
/organization/door-to-door-organics,Door to Door Organics,http://www.doortodoororganics.com,|Hospitality|, Hospitality ," 2,77,00,000 ",operating,USA,CO,Denver,Lafayette,2,2007-01-01,2007-Q1,2007,2012-08-22,2014-11-10,0,27700000,0,0,0,0,0,0,0,0,0,0,0,2000000,25700000,0,0,0,0,0,0
/organization/double-encore,Double Encore,http://www.doubleencore.com,|Consulting|, Consulting ," 25,000 ",operating,USA,CO,Denver,Denver,1,2008-07-15,2008-Q3,2008,2008-07-01,2008-07-01,25000,0,0,0,0,0,0,0,0,0,0,0,0,0,0,0,0,0,0,0,0
/organization/earmark,Earmark,http://earmark.com,|Mobile|, Mobile ," 50,000 ",operating,USA,CT,Hartford,Hamden,1,1973-01-01,1973-Q1,1973,2012-07-13,2012-07-13,0,50000,0,0,0,0,0,0,0,0,0,0,0,50000,0,0,0,0,0,0,0
/organization/emelody-worldwide,Emelody Worldwide,http://www.emelodyworldwide.com,|Drones|, Drones , -   ,operating,USA,GA,Atlanta,Atlanta,1,2014-02-12,2014-Q1,2014,2014-07-09,2014-07-09,0,0,0,0,0,0,0,0,0,0,0,0,0,0,0,0,0,0,0,0,0
/organization/emindful,eMindful,http://emindful.com,|Health and Wellness|, Health and Wellness ," 46,28,086 ",operating,USA,FL,Florida's Treasure Coast,Vero Beach,3,2003-01-01,2003-Q1,2003,2011-06-23,2014-11-05,0,4628086,0,0,0,0,0,0,0,0,0,0,0,0,0,0,0,0,0,0,0
/organization/encirq-corporation,Encirq Corporation,http://www.encirq.com,|Systems|Apps|Software|, Software ," 1,40,00,000 ",operating,USA,CA,SF Bay Area,Burlingame,1,1998-01-01,1998-Q1,1998,2006-01-09,2006-01-09,0,14000000,0,0,0,0,0,0,0,0,0,0,0,0,14000000,0,0,0,0,0,0
/organization/epoque,Epoque,http://www.epoqueapp.com,|Mobile Commerce|Marketplaces|Social Media Platforms|Mobile|, Mobile ," 1,70,000 ",operating,USA,MA,Boston,Boston,2,2014-06-01,2014-Q2,2014,2014-08-08,2014-09-15,150000,0,0,0,0,0,20000,0,0,0,0,0,0,0,0,0,0,0,0,0,0
/organization/erelyx,eRelyx,http://erelyx.com,|E-Commerce|, E-Commerce ," 3,00,000 ",operating,USA,MA,Boston,Boston,1,2010-01-01,2010-Q1,2010,2010-12-09,2010-12-09,0,300000,0,0,0,0,0,0,0,0,0,0,0,0,0,0,0,0,0,0,0
/organization/eyenalyze,Eyenalyze,http://www.eyenalyze.com,|Venture Capital|Finance|Software|, Finance ," 1,86,000 ",operating,USA,AR,Little Rock,Conway,1,2009-04-01,2009-Q2,2009,2013-07-23,2013-07-23,0,0,186000,0,0,0,0,0,0,0,0,0,0,0,0,0,0,0,0,0,0
/organization/fanbread,FanBread,http://fanbread.com,|Social Media|Video|Web Development|Social Commerce|SaaS|Mobile|, Social Media ," 8,00,000 ",operating,USA,CA,Los Angeles,Venice,1,2014-04-01,2014-Q2,2014,2014-04-01,2014-04-01,800000,0,0,0,0,0,0,0,0,0,0,0,0,0,0,0,0,0,0,0,0
/organization/fanzter,Fanzter,http://fanzter.com,|Software|, Software ," 40,00,000 ",operating,USA,CT,Hartford,Unionville,2,2007-06-01,2007-Q2,2007,2008-01-01,2009-03-03,0,4000000,0,0,0,0,0,0,0,0,0,0,0,2000000,2000000,0,0,0,0,0,0
/organization/farseer,Farseer,http://farseerinc.com,|Social + Mobile + Local|Mobile|Internet Marketing|Internet|Curated Web|, Internet ," 1,00,000 ",operating,USA,MA,Boston,Waltham,1,2013-01-01,2013-Q1,2013,2014-04-03,2014-04-03,0,100000,0,0,0,0,0,0,0,0,0,0,0,0,0,0,0,0,0,0,0
/organization/fastcall411,FastCall,http://www.fastcall.com,|Marketing Automation|Customer Service|Sales and Marketing|CRM|Messaging|, Marketing Automation , -   ,operating,USA,CA,Los Angeles,West Hollywood,1,2013-01-01,2013-Q1,2013,2011-09-23,2011-09-23,0,0,0,0,0,0,0,0,0,0,0,0,0,0,0,0,0,0,0,0,0
/organization/femeninas,femeninas,http://www.femeninas.com,|Women|Beauty|Social Commerce|Fashion|, Beauty ," 25,000 ",operating,USA,CA,SF Bay Area,Mountain View,2,2007-01-01,2007-Q1,2007,2012-07-31,2013-03-01,25000,0,0,0,0,0,0,0,0,0,0,0,0,0,0,0,0,0,0,0,0
/organization/fieldwire,Fieldwire,http://fieldwire.net,|Productivity Software|Project Management|Construction|SaaS|Mobile|, Project Management , -   ,operating,USA,CA,SF Bay Area,San Francisco,1,2013-01-07,2013-Q1,2013,2014-09-01,2014-09-01,0,0,0,0,0,0,0,0,0,0,0,0,0,0,0,0,0,0,0,0,0
/organization/finalsite,finalsite,http://www.finalsite.com,|Education|, Education , -   ,operating,USA,CT,Hartford,East Hartford,1,1998-01-01,1998-Q1,1998,2012-06-28,2012-06-28,0,0,0,0,0,0,0,0,0,0,0,0,0,0,0,0,0,0,0,0,0
/organization/finicity,Finicity,http://www.finicity.com,|Finance Technology|Financial Services|, Finance Technology , -   ,operating,USA,UT,Salt Lake City,Murray,1,2000-09-01,2000-Q3,2000,2014-04-22,2014-04-22,0,0,0,0,0,0,0,0,0,0,0,0,0,0,0,0,0,0,0,0,0
/organization/fixmo-carrier-services,Fixmo Carrier Services,http://www.fixmocs.com,|Wireless|SaaS|Mobile|, Wireless ," 1,10,35,782 ",operating,USA,WA,Seattle,Issaquah,7,1997-01-01,1997-Q1,1997,2008-04-04,2013-06-28,0,6135746,0,0,0,1520030,0,0,3380006,0,0,0,0,2000000,0,0,0,0,0,0,0
/organization/flashback-technologies,Flashback Technologies,http://www.flashbacktechnologies.com/,|Medical Devices|, Medical Devices ," 20,86,376 ",operating,USA,CO,Denver,Boulder,1,2009-01-01,2009-Q1,2009,2014-11-19,2014-11-19,0,2086376,0,0,0,0,0,0,0,0,0,0,0,2086376,0,0,0,0,0,0,0
/organization/flydata,FlyData,http://flydata.com,|Cloud Computing|Databases|Big Data|Analytics|, Big Data ," 30,55,000 ",operating,USA,CA,SF Bay Area,Mountain View,3,2011-04-01,2011-Q2,2011,2011-09-30,2014-05-27,680000,2375000,0,0,0,0,0,0,0,0,0,0,0,0,0,0,0,0,0,0,0
/organization/food-on-the-table,Food on the Table,http://www.foodonthetable.com,|Mobile|, Mobile ," 22,49,999 ",acquired,USA,TX,Austin,Austin,1,2009-01-01,2009-Q1,2009,2009-08-28,2009-08-28,0,2249999,0,0,0,0,0,0,0,0,0,0,0,0,0,0,0,0,0,0,0
/organization/french-girls,French Girls,http://www.frenchgirlsapp.com,|Photography|, Photography ," 11,40,000 ",operating,USA,PA,Scranton,Scranton,3,2014-02-24,2014-Q1,2014,2014-01-01,2014-02-10,1140000,0,0,0,0,0,0,0,0,0,0,0,0,0,0,0,0,0,0,0,0
/organization/fritter,Fritter,http://fritter.co,|Restaurants|Hospitality|E-Commerce|, Restaurants ," 2,50,000 ",operating,USA,NC,NC - Other,Mooresville,1,2010-01-01,2010-Q1,2010,2013-03-17,2013-03-17,0,0,0,0,0,0,250000,0,0,0,0,0,0,0,0,0,0,0,0,0,0
/organization/fullcircle-social-networks,FullCircle GeoSocial Networks,http://www.fullcircle.net,|Location Based Services|Social Search|Social Media|, Location Based Services ," 35,00,000 ",operating,USA,VA,"Washington, D.C.",Reston,2,2010-01-01,2010-Q1,2010,2011-03-01,2012-08-06,0,3000000,0,0,0,500000,0,0,0,0,0,0,0,3000000,0,0,0,0,0,0,0
/organization/fundersclub,FundersClub,http://fundersclub.com,|Finance|, Finance ," 65,00,000 ",operating,USA,CA,SF Bay Area,San Francisco,1,2012-07-01,2012-Q3,2012,2012-10-19,2012-10-19,6500000,0,0,0,0,0,0,0,0,0,0,0,0,0,0,0,0,0,0,0,0
/organization/futurestateit,FuturestateIT,http://www.futurestateit.com,|Software|, Software , -   ,operating,CAN,ON,Toronto,Toronto,1,2010-01-01,2010-Q1,2010,2011-07-25,2011-07-25,0,0,0,0,0,0,0,0,0,0,0,0,0,0,0,0,0,0,0,0,0
/organization/gagein,GageIn,http://www.gagein.com,|Networking|SaaS|Enterprise Software|, Networking ," 64,00,000 ",operating,USA,CA,SF Bay Area,Campbell,2,2009-11-09,2009-Q4,2009,2011-10-19,2014-04-15,0,6400000,0,0,0,0,0,0,0,0,0,0,0,6400000,0,0,0,0,0,0,0
/organization/gameworld-assocites,GameWorld Assocites,http://www.gameworldvegas.com,|Entertainment|Games|Software|, Entertainment , -   ,operating,USA,NV,Las Vegas,Las Vegas,1,1998-06-01,1998-Q2,1998,2014-05-29,2014-05-29,0,0,0,0,0,0,0,0,0,0,0,0,0,0,0,0,0,0,0,0,0
/organization/gander-mountain,Gander Mountain,http://gandermountain.com,|Retail|E-Commerce|, Retail ," 1,68,37,899 ",operating,USA,MN,Minneapolis,Saint Paul,1,1960-01-01,1960-Q1,1960,2010-03-03,2010-03-03,0,16837899,0,0,0,0,0,0,0,0,0,0,0,0,0,0,0,0,0,0,0
/organization/gemini,Gemini Mobile Technologies,http://www.geminimobile.com,|Mobile|, Mobile ," 3,25,00,000 ",operating,USA,CA,SF Bay Area,San Mateo,3,2001-01-01,2001-Q1,2001,2005-01-01,2007-05-31,0,32500000,0,0,0,0,0,0,0,0,0,0,0,0,20000000,0,0,0,0,0,0
/organization/general-lasertronics-corporation,General Lasertronics Corporation,http://lasertronics.com,|Manufacturing|, Manufacturing ," 2,00,000 ",operating,USA,CA,SF Bay Area,San Jose,1,1996-01-01,1996-Q1,1996,2010-03-05,2010-03-05,0,0,0,0,0,200000,0,0,0,0,0,0,0,0,0,0,0,0,0,0,0
/organization/genomind,Genomind,http://www.genomind.com,|Biotechnology|, Biotechnology ," 50,00,000 ",operating,USA,PA,Philadelphia,Chalfont,1,2009-01-01,2009-Q1,2009,2014-04-09,2014-04-09,0,5000000,0,0,0,0,0,0,0,0,0,0,0,5000000,0,0,0,0,0,0,0
/organization/gerijoy,GeriJoy,http://www.gerijoy.com,|Health Care|Senior Health|, Health Care , -   ,operating,USA,MA,Boston,Cambridge,1,2012-01-01,2012-Q1,2012,2012-07-19,2012-07-19,0,0,0,0,0,0,0,0,0,0,0,0,0,0,0,0,0,0,0,0,0
/organization/getfeedback,GetFeedback,http://www.getfeedback.com,|Polling|Reviews and Recommendations|Surveys|Software|, Surveys ," 23,00,000 ",acquired,USA,CA,SF Bay Area,San Francisco,1,2013-03-01,2013-Q1,2013,2014-09-24,2014-09-24,0,2300000,0,0,0,0,0,0,0,0,0,0,0,2300000,0,0,0,0,0,0,0
/organization/glarity,Glarity,http://www.glarity.com,|E-Commerce|Media|News|, Media ," 30,000 ",operating,USA,AL,Birmingham,Leeds,1,2007-03-01,2007-Q1,2007,2007-04-01,2007-04-01,30000,0,0,0,0,0,0,0,0,0,0,0,0,0,0,0,0,0,0,0,0
/organization/globaltmail-usa,Globaltmail USA,http://groupcaller.com,|Enterprise Software|, Enterprise Software ," 30,000 ",operating,USA,UT,Salt Lake City,Tooele,1,2007-01-01,2007-Q1,2007,2012-06-06,2012-06-06,0,30000,0,0,0,0,0,0,0,0,0,0,0,0,0,0,0,0,0,0,0
/organization/go-try-it-on,Go Try It On,http://www.gotryiton.com,|Photography|Real Time|Lifestyle|Fashion|, Lifestyle ," 37,50,000 ",acquired,USA,NY,New York City,New York,3,2009-12-01,2009-Q4,2009,2010-11-04,2012-11-13,750000,3000000,0,0,0,0,0,0,0,0,0,0,0,3000000,0,0,0,0,0,0,0
/organization/healthedge-software,HealthEdge,http://www.healthedge.com,|Software|, Software ," 4,74,99,976 ",operating,USA,MA,Boston,Burlington,2,2004-01-01,2004-Q1,2004,2013-10-16,2014-09-19,0,29999976,0,0,0,17500000,0,0,0,0,0,0,0,0,0,0,0,0,0,0,0
/organization/helpjuice-com,Helpjuice.com,http://helpjuice.com,|Web Hosting|, Web Hosting , -   ,operating,USA,TX,Austin,Austin,2,2011-05-20,2011-Q2,2011,2011-09-09,2013-09-13,0,0,0,0,0,0,0,0,0,0,0,0,0,0,0,0,0,0,0,0,0
/organization/high-fidelity,High Fidelity,http://highfidelity.io,|Hardware + Software|, Hardware + Software ," 64,50,000 ",operating,USA,CA,SF Bay Area,San Francisco,3,2013-04-01,2013-Q2,2013,2013-04-01,2014-03-26,0,6450000,0,0,0,0,0,0,0,0,0,0,0,0,0,0,0,0,0,0,0
/organization/hourlynerd,HourlyNerd,http://www.HourlyNerd.com,|Consulting|, Consulting ," 47,50,000 ",operating,USA,NY,New York City,New York,2,2013-01-01,2013-Q1,2013,2013-09-12,2014-03-26,750000,4000000,0,0,0,0,0,0,0,0,0,0,0,4000000,0,0,0,0,0,0,0
/organization/icerocket,IceRocket,http://www.icerocket.com,|Search|, Search ," 3,00,000 ",acquired,USA,TX,Dallas,Dallas,1,2004-01-01,2004-Q1,2004,2004-07-01,2004-07-01,0,0,0,0,0,0,300000,0,0,0,0,0,0,0,0,0,0,0,0,0,0
/organization/ihiji,ihiji,http://ihiji.com,|Software|, Software ," 2,87,997 ",operating,USA,TX,Austin,Austin,2,2009-01-01,2009-Q1,2009,2011-01-11,2013-10-15,0,287997,0,0,0,0,0,0,0,0,0,0,0,0,0,0,0,0,0,0,0
/organization/ilesfay-technology-group,Ilesfay Technology Group,http://www.ilesfay.com,|Enterprise Software|, Enterprise Software ," 9,65,000 ",acquired,USA,OH,Cincinnati,Cincinnati,2,2009-01-01,2009-Q1,2009,2011-09-02,2012-04-03,615000,350000,0,0,0,0,0,0,0,0,0,0,0,0,0,0,0,0,0,0,0
/organization/imageshack,ImageShack,http://imageshack.com/,|Web Hosting|, Web Hosting ," 1,00,00,000 ",operating,USA,CA,SF Bay Area,Los Gatos,1,2003-11-01,2003-Q4,2003,2007-05-01,2007-05-01,0,10000000,0,0,0,0,0,0,0,0,0,0,0,10000000,0,0,0,0,0,0,0
/organization/inbenta-semantic-search,Inbenta,http://www.inbenta.com,|Customer Service|Semantic Search|Virtual Workforces|Software|, Customer Service ," 20,00,000 ",operating,USA,CA,SF Bay Area,Sunnyvale,2,2005-01-01,2005-Q1,2005,2014-04-02,2014-04-17,0,2000000,0,0,0,0,0,0,0,0,0,0,0,2000000,0,0,0,0,0,0,0
/organization/independent-comedy-network,Independent Comedy Network,http://www.icn.tv,|Games|, Games , -   ,operating,USA,CA,Los Angeles,Santa Monica,1,2007-01-01,2007-Q1,2007,2008-02-05,2008-02-05,0,0,0,0,0,0,0,0,0,0,0,0,0,0,0,0,0,0,0,0,0
/organization/winedirect-2,Inertia Beverage Group,http://www.inertiabev.com,|Wine And Spirits|Software|, Software ," 2,55,00,100 ",closed,USA,CA,Napa Valley,Napa,3,2004-10-22,2004-Q4,2004,2007-04-02,2012-01-01,0,25500100,0,0,0,0,0,0,0,0,0,0,0,0,8000000,0,0,0,0,0,0
/organization/innovative-sports-strategies,Innovative Sports Strategies,http://iss-biz.com,|Software|, Software ," 6,40,000 ",operating,USA,WI,Milwaukee,Milwaukee,1,2007-01-01,2007-Q1,2007,2009-07-31,2009-07-31,0,640000,0,0,0,0,0,0,0,0,0,0,0,0,0,0,0,0,0,0,0
/organization/intent,Intent,http://www.intent.com,|Psychology|Fitness|Health and Wellness|Curated Web|, Psychology ," 2,50,000 ",operating,USA,CA,Los Angeles,Santa Monica,1,2008-02-14,2008-Q1,2008,2008-02-01,2008-02-01,0,0,0,0,0,0,250000,0,0,0,0,0,0,0,0,0,0,0,0,0,0
/organization/intern-inc,Intern,http://interninc.com,|Charter Schools|Networking|, Charter Schools ," 20,00,000 ",operating,USA,CO,Denver,Centennial,1,2009-03-01,2009-Q1,2009,2009-01-01,2009-01-01,0,0,0,0,0,0,2000000,0,0,0,0,0,0,0,0,0,0,0,0,0,0
/organization/irates,iRates,http://www.i-rates.com,|Hotels|Software|, Software ," 1,00,000 ",operating,USA,CA,San Diego,San Diego,1,2011-11-01,2011-Q4,2011,2011-12-15,2011-12-15,0,0,0,0,0,0,100000,0,0,0,0,0,0,0,0,0,0,0,0,0,0
/organization/iweb-technologies,iWeb Technologies,http://iweb.com,|Networking|Data Centers|Web Hosting|, Data Centers ," 3,35,21,971 ",acquired,CAN,QC,Montreal,Montrï¿½al,6,1996-10-01,1996-Q4,1996,2006-06-26,2008-08-27,0,0,0,4143526,0,29378445,0,0,0,0,0,0,0,0,0,0,0,0,0,0,0
/organization/keychain-logistics,Keychain Logistics,http://www.keychainlogistics.com,|Technology|Tracking|Fleet Management|Supply Chain Management|Transportation|Marketplaces|Software|, Marketplaces ," 25,20,000 ",operating,USA,CA,SF Bay Area,San Francisco,1,2012-01-01,2012-Q1,2012,2013-01-01,2013-01-01,2520000,0,0,0,0,0,0,0,0,0,0,0,0,0,0,0,0,0,0,0,0
/organization/kingnaru-entertainment,Kingnaru Entertainment,http://razahofficial.com,|Entertainment|Games|, Games , -   ,operating,USA,NY,New York City,New York,1,2013-11-04,2013-Q4,2013,2014-08-11,2014-08-11,0,0,0,0,0,0,0,0,0,0,0,0,0,0,0,0,0,0,0,0,0
/organization/kiromic,Kiromic,http://kiromic.com,|Health and Wellness|, Health and Wellness ," 1,05,000 ",operating,USA,TX,Lubbock,Lubbock,1,2012-01-01,2012-Q1,2012,2013-10-07,2013-10-07,0,105000,0,0,0,0,0,0,0,0,0,0,0,0,0,0,0,0,0,0,0
/organization/knewton,Knewton,http://www.knewton.com,|Colleges|Machine Learning|Education|, Education ," 10,50,00,000 ",operating,USA,NY,New York City,New York,5,2008-01-01,2008-Q1,2008,2008-05-21,2013-12-01,0,105000000,0,0,0,0,0,0,0,0,0,0,0,2500000,6000000,12500000,33000000,51000000,0,0,0
/organization/kosei,Kosei,http://kosei.com/,|Mobile Advertising|Mobile Commerce|, Mobile Commerce , -   ,operating,USA,CA,SF Bay Area,Palo Alto,1,2014-01-01,2014-Q1,2014,2014-06-01,2014-06-01,0,0,0,0,0,0,0,0,0,0,0,0,0,0,0,0,0,0,0,0,0
/organization/kypha,Kypha,http://www.kypha.net,|Biotechnology|, Biotechnology ," 50,54,375 ",operating,USA,MO,St. Louis,Saint Louis,5,2009-01-01,2009-Q1,2009,2012-01-19,2014-11-21,0,4854375,0,200000,0,0,0,0,0,0,0,0,0,0,0,0,0,0,0,0,0
/organization/lattice-engines,Lattice Engines,http://www.lattice-engines.com,|CRM|Predictive Analytics|B2B|Analytics|, CRM ," 2,67,00,000 ",operating,USA,CA,SF Bay Area,San Mateo,3,2006-01-01,2006-Q1,2006,2008-05-27,2014-02-26,0,26700000,0,0,0,0,0,0,0,0,0,0,0,1700000,0,20000000,0,0,0,0,0
/organization/lifecrowd,Lifecrowd,http://www.lifecrowd.com,|Social Media|, Social Media ," 50,00,000 ",operating,USA,CA,Los Angeles,Santa Monica,2,2011-01-01,2011-Q1,2011,2012-04-19,2012-04-26,0,5000000,0,0,0,0,0,0,0,0,0,0,0,5000000,0,0,0,0,0,0,0
/organization/lightning-buy,LightningBuy,http://www.lightningbuy.com,|Mobile Commerce|E-Commerce|Mobile|, Mobile Commerce , -   ,operating,USA,CT,Hartford,Bridgeport,1,2011-01-03,2011-Q1,2011,2012-07-01,2012-07-01,0,0,0,0,0,0,0,0,0,0,0,0,0,0,0,0,0,0,0,0,0
/organization/limos-com,Limos.com,http://www.limos.com,|Concerts|Events|Weddings|Online Travel|Limousines|Automotive|, Weddings ," 1,50,00,000 ",operating,USA,CA,SF Bay Area,San Francisco,2,2007-08-01,2007-Q3,2007,2008-11-01,2011-03-29,0,15000000,0,0,0,0,0,0,0,0,0,0,0,15000000,0,0,0,0,0,0,0
/organization/liquidware-labs,LiquidWare Labs,http://liquidwarelabs.com,|Software|, Software ," 27,76,316 ",operating,USA,IL,Chicago,Palatine,2,2009-01-01,2009-Q1,2009,2009-04-17,2014-07-21,0,2776316,0,0,0,0,0,0,0,0,0,0,0,0,0,0,0,0,0,0,0
/organization/ipeak-networks,LiveQoS,http://www.liveqos.com,|Enterprise Software|, Enterprise Software ," 49,82,000 ",operating,CAN,ON,Ottawa,Ottawa,4,2004-01-01,2004-Q1,2004,2008-08-14,2013-11-05,0,4982000,0,0,0,0,0,0,0,0,0,0,0,0,0,4000000,0,0,0,0,0
/organization/liveramp,LiveRamp,http://www.LiveRamp.com,|Advertising|Data Integration|Brand Marketing|, Data Integration ," 1,60,00,000 ",acquired,USA,CA,SF Bay Area,San Francisco,3,2011-04-01,2011-Q2,2011,2007-06-01,2011-09-06,0,15000000,0,1000000,0,0,0,0,0,0,0,0,0,0,15000000,0,0,0,0,0,0
/organization/localisto,Localisto,http://Localisto.org,|Search|, Search ," 40,000 ",operating,USA,WA,Seattle,Seattle,1,2011-10-16,2011-Q4,2011,2012-04-18,2012-04-18,40000,0,0,0,0,0,0,0,0,0,0,0,0,0,0,0,0,0,0,0,0
/organization/lot18,Lot18,http://www.lot18.com,|Hospitality|, Hospitality ," 4,45,00,000 ",operating,USA,NY,New York City,New York,5,2010-01-01,2010-Q1,2010,2010-01-01,2011-11-04,500000,44000000,0,0,0,0,0,0,0,0,0,0,0,3000000,10000000,30000000,0,0,0,0,0
/organization/luminal,Luminal,http://www.luminal.io,|Cloud Computing|Infrastructure|Security|Software|, Software ," 1,38,00,000 ",operating,USA,MD,Hagerstown,Frederick,3,2012-01-01,2012-Q1,2012,2013-08-26,2014-08-14,0,12700000,0,0,1100000,0,0,0,0,0,0,0,0,2700000,10000000,0,0,0,0,0,0
/organization/m5-networks,M5 Networks,http://www.m5.net,|Customer Service|Contact Centers|VoIP|Public Relations|, Public Relations ," 41,25,014 ",acquired,USA,NY,New York City,New York,1,2000-05-05,2000-Q2,2000,2010-11-12,2010-11-12,0,4125014,0,0,0,0,0,0,0,0,0,0,0,0,0,4125014,0,0,0,0,0
/organization/macrotherapy,Macrotherapy,http://macrotherapy.com/,|Medical|, Medical , -   ,operating,USA,AZ,Phoenix,Scottsdale,1,2009-09-01,2009-Q3,2009,2013-03-18,2013-03-18,0,0,0,0,0,0,0,0,0,0,0,0,0,0,0,0,0,0,0,0,0
/organization/mandoyo,Mandoyo,http://www.mandoyo.com,|Professional Services|Small and Medium Businesses|Marketplaces|E-Commerce|, Professional Services ," 7,00,000 ",operating,USA,NY,New York City,New York,2,2013-01-01,2013-Q1,2013,2013-07-10,2013-08-30,300000,400000,0,0,0,0,0,0,0,0,0,0,0,400000,0,0,0,0,0,0,0
/organization/market-track,Market Track,http://markettrack.com/,|Market Research|, Market Research ," 15,30,00,000 ",operating,USA,IL,Chicago,Chicago,1,1990-01-01,1990-Q1,1990,2013-10-25,2013-10-25,0,0,0,0,0,153000000,0,0,0,0,0,0,0,0,0,0,0,0,0,0,0
/organization/materna-medical,Materna Medical,http://www.maternamed.com,|Health Care|, Health Care ," 10,00,000 ",operating,USA,CA,SF Bay Area,San Francisco,1,2007-06-01,2007-Q2,2007,2010-12-01,2010-12-01,0,0,0,0,0,0,1000000,0,0,0,0,0,0,0,0,0,0,0,0,0,0
/organization/medmanage-systems,MedManage Systems,http://www.medmanagesystems.com,|Health Care|, Health Care ," 1,07,50,000 ",acquired,USA,WA,Seattle,Bothell,1,1999-01-01,1999-Q1,1999,2006-04-12,2006-04-12,0,10750000,0,0,0,0,0,0,0,0,0,0,0,0,0,0,10750000,0,0,0,0
/organization/meegenius,MeeGenius,http://www.meegenius.com,|E-Commerce|Publishing|Digital Media|Curated Web|, Publishing ," 24,00,000 ",operating,USA,NY,New York City,New York,2,2009-04-01,2009-Q2,2009,2012-08-10,2013-05-14,0,2400000,0,0,0,0,0,0,0,0,0,0,0,0,0,0,0,0,0,0,0
/organization/meetmetix,MeetMeTix,http://meetmetix.com,|E-Commerce|, E-Commerce ," 5,00,000 ",operating,USA,TX,Austin,Austin,1,2011-04-25,2011-Q2,2011,2012-10-26,2012-10-26,500000,0,0,0,0,0,0,0,0,0,0,0,0,0,0,0,0,0,0,0,0
/organization/mego,mEgo,http://www.mego.com,|Entertainment|Curated Web|, Curated Web ," 73,48,141 ",operating,USA,CA,Los Angeles,Los Angeles,5,2005-10-01,2005-Q4,2005,2006-05-01,2011-02-21,0,1748141,0,0,0,0,5600000,0,0,0,0,0,0,1748141,0,0,0,0,0,0,0
/organization/memsql,MemSQL,http://www.memsql.com,|Databases|Analytics|, Databases ," 4,50,00,000 ",operating,USA,CA,SF Bay Area,San Francisco,4,2011-01-01,2011-Q1,2011,2011-07-12,2014-09-26,5000000,40000000,0,0,0,0,0,0,0,0,0,0,0,5000000,35000000,0,0,0,0,0,0
/organization/meridian-iq,Meridian-IQ,http://meridian-iq.com,|Software|, Software ," 35,45,000 ",operating,USA,NY,New York City,New York,2,2010-01-01,2010-Q1,2010,2011-08-19,2014-04-09,2000000,0,0,0,0,1545000,0,0,0,0,0,0,0,0,0,0,0,0,0,0,0
/organization/message-systems,Message Systems,http://www.messagesystems.com,|Internet Service Providers|P2P Money Transfer|CRM|Social Network Media|Facebook Applications|Security|Email|Software|, Internet Service Providers ," 3,79,99,998 ",operating,USA,MD,Baltimore,Columbia,2,1997-01-01,1997-Q1,1997,2010-03-25,2012-06-21,0,37999998,0,0,0,0,0,0,0,0,0,0,0,6000000,31999998,0,0,0,0,0,0
/organization/metrolight,Metrolight,http://www.metrolight.com,|Clean Technology|, Clean Technology ," 1,60,00,000 ",operating,USA,TN,Nashville,Franklin,3,1996-01-01,1996-Q1,1996,2007-08-16,2011-12-01,0,12000000,0,0,0,4000000,0,0,0,0,0,0,0,0,0,9000000,3000000,0,0,0,0
/organization/mezzobit,Mezzobit,http://www.mezzobit.com,|Big Data|Enterprise Software|, Enterprise Software ," 40,000 ",operating,USA,NY,New York City,New York,1,2012-11-01,2012-Q4,2012,2014-01-06,2014-01-06,40000,0,0,0,0,0,0,0,0,0,0,0,0,0,0,0,0,0,0,0,0
/organization/mibio,Mibio,http://mibio.com,|iPhone|iOS|Cloud Data Services|Startups|Technology|Mobile|, Startups ," 32,000 ",operating,USA,TN,Nashville,Nashville,1,2012-01-01,2012-Q1,2012,2012-11-01,2012-11-01,32000,0,0,0,0,0,0,0,0,0,0,0,0,0,0,0,0,0,0,0,0
/organization/micmali,MICMALI,http://micmali.com,|Online Gaming|Mobile Games|Games|, Games ," 1,80,000 ",operating,USA,CA,SF Bay Area,Palo Alto,2,2013-01-01,2013-Q1,2013,2013-09-28,2014-01-11,180000,0,0,0,0,0,0,0,0,0,0,0,0,0,0,0,0,0,0,0,0
/organization/midwest-compliance-laboratories,Midwest Compliance Laboratories,http://mclaboratories.com/,|Medical|, Medical ," 2,00,000 ",operating,USA,IN,IN - Other,Terre Haute,1,2008-09-16,2008-Q3,2008,2014-09-23,2014-09-23,0,0,200000,0,0,0,0,0,0,0,0,0,0,0,0,0,0,0,0,0,0
/organization/milepoint,MilePoint,http://milepoint.com,|Forums|Social Media|Travel|, Forums ," 10,00,000 ",operating,USA,CO,Colorado Springs,Colorado Springs,1,2011-02-01,2011-Q1,2011,2011-02-01,2011-02-01,1000000,0,0,0,0,0,0,0,0,0,0,0,0,0,0,0,0,0,0,0,0
/organization/mobidough,MobiDough,http://mobidough.com,|Software|, Software ," 35,49,916 ",operating,USA,CA,SF Bay Area,Campbell,1,2007-01-01,2007-Q1,2007,2011-05-10,2011-05-10,0,3549916,0,0,0,0,0,0,0,0,0,0,0,0,3549916,0,0,0,0,0,0
/organization/mobileroi,MobileROI,http://www.MobileROI.com,|Predictive Analytics|Cloud Data Services|Marketing Automation|Mobile Commerce|, Mobile Commerce ," 60,00,000 ",operating,USA,NY,New York City,New York,2,2013-01-01,2013-Q1,2013,2010-05-01,2011-02-25,1000000,5000000,0,0,0,0,0,0,0,0,0,0,0,5000000,0,0,0,0,0,0,0
/organization/mobiquity,Mobiquity,http://mobiquityinc.com,|Mobile|, Mobile ," 2,80,00,000 ",operating,USA,MA,Boston,Wellesley,5,2011-04-07,2011-Q2,2011,2011-03-29,2014-11-12,0,25000000,0,0,0,3000000,0,0,0,0,0,0,0,5000000,17000000,0,0,0,0,0,0
/organization/mobitv,MobiTV,http://mobitv.com,|Games|, Games ," 14,27,99,000 ",operating,USA,CA,SF Bay Area,Emeryville,7,2003-11-01,2003-Q4,2003,2001-06-30,2013-04-01,0,126300000,0,0,0,0,0,0,16499000,0,0,0,0,6300000,15000000,100000000,5000000,0,0,0,0
/organization/monexa,Monexa Services Inc.,http://www.monexa.com,|Software|, Software ," 10,00,000 ",operating,CAN,BC,Vancouver,Vancouver,2,1998-01-01,1998-Q1,1998,2009-08-10,2013-12-09,0,1000000,0,0,0,0,0,0,0,0,0,0,0,0,0,0,0,0,0,0,0
/organization/monster-arts,Monster Arts,http://www.monsterarts.net,|Analytics|, Analytics ," 1,00,00,000 ",operating,USA,CA,CA - Other,Bonsall,1,2011-09-01,2011-Q3,2011,2011-01-24,2011-01-24,0,10000000,0,0,0,0,0,0,0,0,0,0,0,0,0,0,0,0,0,0,0
/organization/motiga,Motiga,http://motiga.com,|Games|, Games ," 2,25,00,000 ",operating,USA,WA,Seattle,Bellevue,2,2010-08-01,2010-Q3,2010,2012-07-25,2014-07-15,0,2500000,0,0,0,20000000,0,0,0,0,0,0,0,0,0,0,0,0,0,0,0
/organization/mybuys,MyBuys,http://www.mybuys.com,|Media|Displays|Email|Reviews and Recommendations|Social Media|Mobile|Personalization|Advertising|, Social Media ," 3,73,00,000 ",operating,USA,CA,SF Bay Area,San Mateo,4,2006-01-01,2006-Q1,2006,2007-02-21,2013-10-17,0,32800000,0,0,0,4500000,0,0,0,0,0,0,0,2800000,10000000,20000000,0,0,0,0,0
/organization/myfreightworld,MyFreightWorld,http://myfreightworld.com,|Software|, Software ," 15,07,162 ",operating,USA,KS,Kansas City,Overland Park,1,1999-01-01,1999-Q1,1999,2010-09-08,2010-09-08,0,1507162,0,0,0,0,0,0,0,0,0,0,0,0,0,0,0,0,0,0,0
/organization/myunfold,MyUnfold,http://www.myunfold.com,|Recruiting|Software|, Software ," 45,000 ",operating,USA,WA,Seattle,Seattle,1,2011-10-29,2011-Q4,2011,2011-10-26,2011-10-26,45000,0,0,0,0,0,0,0,0,0,0,0,0,0,0,0,0,0,0,0,0
/organization/n1health,n1health,http://n1health.com,|Health and Wellness|, Health and Wellness ," 33,96,496 ",operating,USA,VA,Richmond,Richmond,2,2010-01-01,2010-Q1,2010,2013-05-31,2013-11-27,0,3396496,0,0,0,0,0,0,0,0,0,0,0,0,0,0,0,0,0,0,0
/organization/nanostatics-corporation,NanoStatics Corporation,http://www.nanostatics.com,|Manufacturing|, Manufacturing ," 6,40,181 ",operating,USA,OH,"Columbus, Ohio",Circleville,3,2005-01-01,2005-Q1,2005,2007-03-16,2009-10-30,0,326960,0,0,0,313221,0,0,0,0,0,0,0,0,0,0,0,0,0,0,0
/organization/naviscan,Naviscan,http://naviscan.com,|Biotechnology|, Biotechnology ," 43,30,001 ",operating,USA,CA,San Diego,San Diego,3,1995-01-01,1995-Q1,1995,2010-06-10,2012-12-19,0,1000000,0,0,2500001,830000,0,0,0,0,0,0,0,0,0,0,0,0,0,0,0
/organization/ncr-tehchnosolutions,NCR Tehchnosolutions,http://www.ncrts.com/,|Information Technology|, Information Technology , -   ,operating,USA,NJ,Trenton,Trenton,1,2012-07-01,2012-Q3,2012,2014-05-06,2014-05-06,0,0,0,0,0,0,0,0,0,0,0,0,0,0,0,0,0,0,0,0,0
/organization/netbeez,NetBeez,http://netbeez.net,|Software|, Software ," 1,25,000 ",operating,USA,PA,Pittsburgh,Pittsburgh,3,2013-04-01,2013-Q2,2013,2013-04-01,2014-07-07,25000,0,0,0,100000,0,0,0,0,0,0,0,0,0,0,0,0,0,0,0,0
/organization/netgamix-inc,Netgamix Inc,http://www.netgamix.com,|Social Network Media|Digital Media|Social Games|Facebook Applications|Games|, Games ," 1,32,885 ",closed,USA,IL,Chicago,Chicago,3,2010-09-24,2010-Q3,2010,2011-10-15,2012-07-01,18885,0,0,0,0,0,114000,0,0,0,0,0,0,0,0,0,0,0,0,0,0
/organization/nginx,Nginx,http://nginx.com,|Software|, Software ," 1,30,00,000 ",operating,USA,CA,SF Bay Area,San Francisco,2,2011-01-01,2011-Q1,2011,2011-10-10,2013-10-15,0,13000000,0,0,0,0,0,0,0,0,0,0,0,3000000,10000000,0,0,0,0,0,0
/organization/noble-life-sciences,Noble Life Sciences,http://www.noblelifesci.com,|Biotechnology|, Biotechnology ," 3,35,000 ",operating,USA,MD,"Washington, D.C.",Gaithersburg,2,2010-01-01,2010-Q1,2010,2010-12-14,2013-01-01,335000,0,0,0,0,0,0,0,0,0,0,0,0,0,0,0,0,0,0,0,0
/organization/nouvou-inc,"Nouvou, Inc.",http://Documents.me,|File Sharing|Mobile|, Mobile ," 2,50,000 ",operating,USA,CA,SF Bay Area,Santa Clara,1,2012-01-01,2012-Q1,2012,2012-06-12,2012-06-12,250000,0,0,0,0,0,0,0,0,0,0,0,0,0,0,0,0,0,0,0,0
/organization/numberfire,numberFire,http://numberfire.com,|Opinions|Big Data|Sports|, Sports ," 7,75,000 ",operating,USA,NY,New York City,New York,2,2010-04-01,2010-Q2,2010,2011-06-06,2012-01-05,775000,0,0,0,0,0,0,0,0,0,0,0,0,0,0,0,0,0,0,0,0
/organization/onecubicle,OneCubicle,http://www.onecubicle.com,|Networking|Advice|Career Management|Employment|Communities|Identity|All Students|Colleges|Curated Web|, Networking ," 4,50,000 ",operating,USA,CA,Los Angeles,Santa Monica,1,2008-02-20,2008-Q1,2008,2008-08-01,2008-08-01,0,0,0,0,0,0,450000,0,0,0,0,0,0,0,0,0,0,0,0,0,0
/organization/oroeco,oroeco,http://www.oroeco.com,|Social Media|, Social Media ," 60,000 ",operating,USA,CA,SF Bay Area,San Francisco,2,2011-01-01,2011-Q1,2011,2012-12-05,2013-07-29,40000,0,0,0,0,20000,0,0,0,0,0,0,0,0,0,0,0,0,0,0,0
/organization/pa-associates-healthcare,PA & Associates Healthcare,http://paaa.com,|Consulting|, Consulting ," 5,25,000 ",operating,USA,MD,Baltimore,Lutherville Timonium,1,1991-01-01,1991-Q1,1991,2013-04-21,2013-04-21,525000,0,0,0,0,0,0,0,0,0,0,0,0,0,0,0,0,0,0,0,0
/organization/pandodaily,PandoDaily,http://www.pando.com,|Blogging Platforms|Startups|News|, Blogging Platforms ," 47,00,000 ",operating,USA,CA,SF Bay Area,San Francisco,3,2012-01-16,2012-Q1,2012,2013-05-28,2014-02-17,3500000,1200000,0,0,0,0,0,0,0,0,0,0,0,1200000,0,0,0,0,0,0,0
/organization/penumbra,Penumbra,http://penumbrainc.com,|Biotechnology|, Biotechnology ," 1,21,230 ",operating,USA,CA,SF Bay Area,Alameda,1,2004-01-01,2004-Q1,2004,2012-11-02,2012-11-02,121230,0,0,0,0,0,0,0,0,0,0,0,0,0,0,0,0,0,0,0,0
/organization/pipit-interactive,Pipit Interactive,http://www.pipit.com,|Visualization|Retail Technology|Enterprise Software|SaaS|Collaboration|Real Time|E-Commerce|, SaaS ," 9,00,000 ",operating,USA,CA,Los Angeles,Los Angeles,1,2008-09-01,2008-Q3,2008,2008-05-01,2008-05-01,0,0,0,0,0,0,900000,0,0,0,0,0,0,0,0,0,0,0,0,0,0
/organization/planet-soho,Planet Soho,http://www.PlanetSoho.com,|Collaboration|Entrepreneur|Freelancers|Enterprises|SaaS|Small and Medium Businesses|Curated Web|, Small and Medium Businesses ," 1,10,00,000 ",operating,USA,CA,SF Bay Area,San Francisco,4,2009-01-01,2009-Q1,2009,2009-07-01,2012-01-10,3000000,8000000,0,0,0,0,0,0,0,0,0,0,0,8000000,0,0,0,0,0,0,0
/organization/politapoll,Politapoll,http://www.politapoll.com,|Big Data Analytics|Consulting|, Consulting ," 40,000 ",operating,USA,AR,Fayetteville,Rogers,1,2013-11-01,2013-Q4,2013,2014-06-18,2014-06-18,0,0,0,0,40000,0,0,0,0,0,0,0,0,0,0,0,0,0,0,0,0
/organization/predictivez,Predictivez,http://predictivez.com,|Big Data|Machine Learning|Business Intelligence|Developer APIs|Analytics|, Big Data ," 1,00,000 ",operating,USA,NM,Albuquerque,Albuquerque,1,2011-01-16,2011-Q1,2011,2011-01-01,2011-01-01,0,0,0,0,0,0,100000,0,0,0,0,0,0,0,0,0,0,0,0,0,0
/organization/prenova,Prenova,http://www.prenova.com,|Clean Technology|, Clean Technology ," 1,56,50,000 ",acquired,USA,GA,Atlanta,Atlanta,3,2002-01-01,2002-Q1,2002,2006-05-10,2008-04-24,0,15650000,0,0,0,0,0,0,0,0,0,0,0,0,0,0,0,0,0,0,0
/organization/prism-solar-technologies,Prism Solar Technologies,http://www.prismsolar.com,|Clean Technology|, Clean Technology ," 94,00,000 ",operating,USA,NY,New York City,Highland,2,2004-01-01,2004-Q1,2004,2009-04-10,2011-12-02,0,4400000,0,0,0,5000000,0,0,0,0,0,0,0,0,0,0,0,0,0,0,0
/organization/proteon-therapeutics,Proteon Therapeutics,http://www.proteontherapeutics.com,|Biotechnology|, Biotechnology ," 12,65,38,660 ",operating,USA,MA,Boston,Waltham,5,2001-01-01,2001-Q1,2001,2007-09-06,2014-05-16,0,126538660,0,0,0,0,0,0,0,0,0,0,0,12000000,50000000,0,45000000,0,0,0,0
/organization/quest-online,Quest Online,http://qol.com/,|Games|, Games ," 37,42,500 ",operating,USA,AZ,Phoenix,Phoenix,1,2006-01-01,2006-Q1,2006,2014-08-05,2014-08-05,0,3742500,0,0,0,0,0,0,0,0,0,0,0,0,0,0,0,0,0,0,0
/organization/qview-medical,Qview Medical,http://www.qviewmedical.com/,|Health Care Information Technology|, Health Care Information Technology ," 25,83,039 ",operating,USA,CA,SF Bay Area,Los Altos,1,2006-01-01,2006-Q1,2006,2014-07-23,2014-07-23,0,2583039,0,0,0,0,0,0,0,0,0,0,0,0,0,0,0,0,0,0,0
/organization/reddit,Reddit,http://reddit.com,|Social Media|News|, News ," 5,01,00,000 ",acquired,USA,CA,SF Bay Area,San Francisco,2,2005-01-01,2005-Q1,2005,2005-06-01,2014-09-30,100000,50000000,0,0,0,0,0,0,0,0,0,0,0,0,50000000,0,0,0,0,0,0
/organization/regear-life-sciences,ReGear Life Sciences,http://regearlife.com,|Hardware + Software|, Hardware + Software ," 18,25,000 ",operating,USA,PA,Pittsburgh,Pittsburgh,4,2006-01-01,2006-Q1,2006,2010-01-06,2012-03-23,0,1450000,0,0,0,375000,0,0,0,0,0,0,0,0,0,0,0,0,0,0,0
/organization/remixation,"Remixation, Inc.",http://showyou.com,|File Sharing|Web Tools|Video|Games|, Web Tools ," 55,80,000 ",operating,USA,CA,SF Bay Area,San Francisco,2,2006-06-01,2006-Q2,2006,2007-07-01,2012-07-01,0,5580000,0,0,0,0,0,0,0,0,0,0,0,1000000,0,0,0,0,0,0,0
/organization/renova-therapeutics,Renova Therapeutics,http://renovathx.com/,|Biotechnology|, Biotechnology ," 75,20,000 ",operating,USA,CA,San Diego,San Diego,1,2009-01-01,2009-Q1,2009,2014-10-18,2014-10-18,0,7520000,0,0,0,0,0,0,0,0,0,0,0,0,0,7520000,0,0,0,0,0
/organization/whale-shark-media,RetailMeNot,http://www.retailmenot.com/corp,|Coupons|Advertising|Custom Retail|Marketplaces|Curated Web|, Advertising ," 29,95,00,000 ",acquired,USA,TX,Austin,Austin,5,2007-05-01,2007-Q2,2007,2009-11-01,2011-11-10,21000000,128500000,0,0,0,0,0,0,150000000,0,0,0,0,28500000,90000000,10000000,0,0,0,0,0
/organization/reunion-com,Reunion.com,http://www.reunion.com,|Social Media|, Social Media ," 2,50,00,000 ",operating,USA,CA,Los Angeles,Santa Monica,1,2002-01-01,2002-Q1,2002,2007-04-16,2007-04-16,0,25000000,0,0,0,0,0,0,0,0,0,0,0,0,0,0,0,0,0,0,0
/organization/reverbnation,ReverbNation,http://www.reverbnation.com,|New Product Development|Technology|Sales and Marketing|Music|SaaS|Software|, Music ," 86,00,020 ",operating,USA,NC,Raleigh,Durham,3,2006-10-23,2006-Q4,2006,2006-08-17,2012-06-12,0,8600020,0,0,0,0,0,0,0,0,0,0,0,2000000,3000000,3600020,0,0,0,0,0
/organization/rhm-technology,RHM Technology,http://rhmtech.com,|Manufacturing|, Manufacturing ," 1,00,000 ",operating,USA,NJ,Newark,Stanhope,1,1989-01-01,1989-Q1,1989,2011-06-03,2011-06-03,0,100000,0,0,0,0,0,0,0,0,0,0,0,0,0,0,0,0,0,0,0
/organization/rqx-pharmaceuticals,RQx Pharmaceuticals,http://rqxpharmaceuticals.com,|Biotechnology|, Biotechnology ," 10,25,000 ",operating,USA,CA,San Diego,La Jolla,1,2010-01-01,2010-Q1,2010,2010-12-13,2010-12-13,0,1025000,0,0,0,0,0,0,0,0,0,0,0,0,0,0,0,0,0,0,0
/organization/rudder,Rudder,http://techcrunch.com/2010/11/05/deadpool-friday-hirehive-sellit-and-rudder-bite-the-dust/,|Finance|, Finance ," 20,00,000 ",operating,USA,TX,Houston,Houston,1,2006-10-01,2006-Q4,2006,2008-01-15,2008-01-15,0,2000000,0,0,0,0,0,0,0,0,0,0,0,2000000,0,0,0,0,0,0,0
/organization/sadar-3d,SADAR 3D,http://www.sadar3d.com,|Software|, Software ," 2,50,000 ",operating,USA,MO,MO - Other,Clarkton,1,2011-01-01,2011-Q1,2011,2013-04-12,2013-04-12,0,0,0,0,0,250000,0,0,0,0,0,0,0,0,0,0,0,0,0,0,0
/organization/savingspoint-corporation,Savingspoint Corporation,http://savingspoint.com,|Software|, Software ," 2,10,000 ",operating,USA,HI,Honolulu,Honolulu,1,2010-01-01,2010-Q1,2010,2011-07-01,2011-07-01,0,210000,0,0,0,0,0,0,0,0,0,0,0,0,0,0,0,0,0,0,0
/organization/seismic-games,Seismic Games,http://seismicgames.com,|Mobile Games|Video Games|Social Games|Games|, Social Games ," 42,38,332 ",operating,USA,CA,Los Angeles,Los Angeles,3,2011-01-01,2011-Q1,2011,2011-06-09,2012-06-05,0,4238332,0,0,0,0,0,0,0,0,0,0,0,2000000,0,0,0,0,0,0,0
/organization/seriously,Seriously,http://www.seriously.com,|Mobile|Games|, Mobile ," 1,00,00,000 ",operating,USA,CA,Los Angeles,Santa Monica,3,2013-08-01,2013-Q3,2013,2013-11-05,2014-11-17,5000000,5000000,0,0,0,0,0,0,0,0,0,0,0,5000000,0,0,0,0,0,0,0
/organization/servis1st-bank,Servis1st Bank,http://www.servisfirstbank.com,|Banking|Finance|, Banking ," 1,04,00,000 ",operating,USA,AL,Birmingham,Birmingham,1,2005-01-01,2005-Q1,2005,2013-12-02,2013-12-02,0,10400000,0,0,0,0,0,0,0,0,0,0,0,0,0,0,0,0,0,0,0
/organization/shattered-reality-interactive,Shattered Reality Interactive,http://www.srinteractive.com,|Internet|Social Media|MMO Games|Games|, Social Media ," 11,00,000 ",operating,USA,CA,SF Bay Area,San Francisco,2,2006-06-01,2006-Q2,2006,2008-03-12,2009-02-01,0,0,0,0,0,0,1100000,0,0,0,0,0,0,0,0,0,0,0,0,0,0
/organization/shoptiques,Shoptiques,http://shoptiques.com,|Fashion|, Fashion ," 20,00,000 ",operating,USA,NY,New York City,New York,2,2011-01-01,2011-Q1,2011,2012-03-21,2012-10-04,2000000,0,0,0,0,0,0,0,0,0,0,0,0,0,0,0,0,0,0,0,0
/organization/brighttag,Signal,http://www.signalengage.com/,|CRM|Mobile|Email|Social Media|SaaS|Ad Targeting|Advertising|Enterprise Software|, SaaS ," 5,00,00,000 ",operating,USA,IL,Chicago,Chicago,4,2009-09-26,2009-Q3,2009,2010-08-25,2013-11-15,0,23000000,0,0,0,27000000,0,0,0,0,0,0,0,3000000,0,15000000,0,0,0,0,0
/organization/sky-frequency,Sky Frequency,http://skyfreq.com,|Mobile|, Mobile ," 2,00,000 ",operating,USA,MS,Jackson,Madison,1,2010-01-01,2010-Q1,2010,2011-05-09,2011-05-09,0,200000,0,0,0,0,0,0,0,0,0,0,0,0,0,0,0,0,0,0,0
/organization/skyriver-technology-solutions,SkyRiver Technology Solutions,http://theskyriver.com,|Software|, Software ," 5,00,000 ",operating,USA,CA,SF Bay Area,Emeryville,1,2009-01-01,2009-Q1,2009,2009-08-26,2009-08-26,0,500000,0,0,0,0,0,0,0,0,0,0,0,0,0,0,0,0,0,0,0
/organization/smart-skin-technologies,Smart Skin Technologies,http://www.smartskintech.com,|Hardware + Software|, Hardware + Software ," 39,59,672 ",operating,USA,NJ,Newark,New Brunswick,2,2009-01-01,2009-Q1,2009,2014-01-07,2014-01-17,0,59672,0,0,0,0,3900000,0,0,0,0,0,0,59672,0,0,0,0,0,0,0
/organization/snapverse,Snapverse,http://www.thesnapverse.com,|Mobile|, Mobile ," 35,00,000 ",operating,USA,MA,Boston,Concord,1,2012-01-01,2012-Q1,2012,2013-10-29,2013-10-29,0,0,0,0,0,0,3500000,0,0,0,0,0,0,0,0,0,0,0,0,0,0
/organization/socialmedia,SocialMedia.com,http://socialmedia.com,|Facebook Applications|Social Media|Advertising|, Facebook Applications ," 1,00,00,000 ",acquired,USA,CA,SF Bay Area,San Francisco,3,2007-01-01,2007-Q1,2007,2007-09-01,2009-01-29,500000,9500000,0,0,0,0,0,0,0,0,0,0,0,3500000,6000000,0,0,0,0,0,0
/organization/socialstay,SocialStay,http://www.socialstay.com,|Web Development|Hospitality|Mobile|, Web Development ," 1,00,000 ",operating,USA,CA,Santa Barbara,Santa Barbara,1,2010-01-01,2010-Q1,2010,2010-09-30,2010-09-30,0,100000,0,0,0,0,0,0,0,0,0,0,0,0,0,0,0,0,0,0,0
/organization/solar-universe,Solar Universe,http://solaruniverse.com,|Clean Energy|Franchises|Renewable Energies|Clean Technology|, Franchises ," 70,00,000 ",operating,USA,CA,SF Bay Area,Livermore,1,2007-01-01,2007-Q1,2007,2011-01-25,2011-01-25,0,7000000,0,0,0,0,0,0,0,0,0,0,0,0,7000000,0,0,0,0,0,0
/organization/mskynet,SPARQ,http://www.sparq.it,|Mobile|, Mobile ," 12,01,000 ",acquired,USA,WA,Seattle,Seattle,2,2010-01-01,2010-Q1,2010,2010-08-06,2013-06-26,550000,651000,0,0,0,0,0,0,0,0,0,0,0,651000,0,0,0,0,0,0,0
/organization/spiracur,Spiracur,http://www.spiracur.com,|Health Care|, Health Care ," 7,13,00,000 ",operating,USA,CA,SF Bay Area,Redwood City,3,2007-01-01,2007-Q1,2007,2009-06-29,2014-11-12,0,55300000,0,0,0,16000000,0,0,0,0,0,0,0,0,20300000,0,0,0,0,0,0
/organization/springloaded-technology,SpringLoaded Technology,http://springloadedtechnology.com,|Consumer Electronics|, Consumer Electronics ," 2,70,000 ",operating,CAN,NS,Halifax,Halifax,1,2012-09-08,2012-Q3,2012,2014-10-05,2014-10-05,270000,0,0,0,0,0,0,0,0,0,0,0,0,0,0,0,0,0,0,0,0
/organization/sqoot,Sqoot,http://www.sqoot.com,|E-Commerce|, E-Commerce ," 15,000 ",acquired,USA,CA,SF Bay Area,San Francisco,2,2010-07-23,2010-Q3,2010,2010-01-01,2012-02-09,15000,0,0,0,0,0,0,0,0,0,0,0,0,0,0,0,0,0,0,0,0
/organization/standardnine,StandardNine,http://www.standardnine.com/index.html,|Education|, Education ," 60,16,903 ",closed,USA,CA,SF Bay Area,San Francisco,2,2009-01-01,2009-Q1,2009,2009-01-01,2011-04-05,0,6016903,0,0,0,0,0,0,0,0,0,0,0,6016903,0,0,0,0,0,0,0
/organization/stemina-biomarker-discovery,Stemina Biomarker Discovery,http://www.stemina.com,|Biotechnology|, Biotechnology ," 49,00,000 ",operating,USA,WI,Madison,Madison,3,2006-01-01,2006-Q1,2006,2007-12-19,2014-11-19,0,4900000,0,0,0,0,0,0,0,0,0,0,0,1100000,0,0,0,0,0,0,0
/organization/stio,Stio,http://www.stio.com/,|Designers|, Designers ," 59,00,000 ",operating,USA,MI,Grand Rapids,Wyoming,1,2011-01-01,2011-Q1,2011,2014-08-04,2014-08-04,0,5900000,0,0,0,0,0,0,0,0,0,0,0,0,0,0,0,0,0,0,0
/organization/survature,Survature,https://survature.com/,|Surveys|, Surveys ," 7,92,132 ",operating,USA,TN,Knoxville,Knoxville,1,2013-01-01,2013-Q1,2013,2014-07-16,2014-07-16,792132,0,0,0,0,0,0,0,0,0,0,0,0,0,0,0,0,0,0,0,0
/organization/t5-data-centers,T5 Data Centers,http://www.t5datacenters.com,|Security|, Security ," 11,30,00,000 ",operating,USA,GA,Atlanta,Atlanta,1,2008-01-01,2008-Q1,2008,2013-05-14,2013-05-14,0,0,0,0,0,113000000,0,0,0,0,0,0,0,0,0,0,0,0,0,0,0
/organization/tapcanvas,TapCanvas,http://www.tapcanvas.com,|Web Development|Mobile|, Mobile ," 2,00,000 ",operating,USA,CA,SF Bay Area,Palo Alto,1,2011-10-05,2011-Q4,2011,2011-12-21,2011-12-21,200000,0,0,0,0,0,0,0,0,0,0,0,0,0,0,0,0,0,0,0,0
/organization/tarana-wireless,Tarana Wireless,http://www.taranawireless.com,|Wireless|Mobile|, Wireless ," 1,41,42,157 ",operating,USA,CA,SF Bay Area,Santa Clara,2,2009-01-01,2009-Q1,2009,2011-04-22,2012-07-19,0,14142157,0,0,0,0,0,0,0,0,0,0,0,0,0,0,0,0,0,0,0
/organization/techlive,TechLive,http://www.techlive.com,|Search|Collaboration|File Sharing|Chat|Information Technology|Video Conferencing|IT Management|Cloud Computing|Enterprise Software|, Search , -   ,operating,USA,CA,CA - Other,Lucerne Valley,1,2008-02-01,2008-Q1,2008,2008-01-01,2008-01-01,0,0,0,0,0,0,0,0,0,0,0,0,0,0,0,0,0,0,0,0,0
/organization/telos-entertainment,Telos Entertainment,http://www.telosentertainment.com,|Game|iPhone|Video Games|Consumer Electronics|Online Shopping|Graphics|Entertainment|Virtual Worlds|Games|, Game ," 16,40,690 ",operating,CAN,NL,Charlottetown,Charlottetown,1,2007-01-01,2007-Q1,2007,2008-01-01,2008-01-01,1640690,0,0,0,0,0,0,0,0,0,0,0,0,0,0,0,0,0,0,0,0
/organization/tidemark,Tidemark,http://www.tidemark.com,|Cloud Computing|PaaS|SaaS|Enterprises|Analytics|, Enterprises ," 9,33,70,901 ",operating,USA,CA,SF Bay Area,Redwood City,7,2009-01-01,2009-Q1,2009,2010-10-07,2014-04-28,0,93370901,0,0,0,0,0,0,0,0,0,0,0,6300000,4000000,24000000,26000000,32000000,0,0,0
/organization/touchin2-technologies,TouchIN2 Technologies,http://www.touchin2.com,|Software|, Software ," 15,00,000 ",operating,CAN,ON,Ottawa,Ottawa,1,2012-06-15,2012-Q2,2012,2014-02-17,2014-02-17,0,0,1500000,0,0,0,0,0,0,0,0,0,0,0,0,0,0,0,0,0,0
/organization/townhog,TownHog,http://www.townhog.com,|E-Commerce|, E-Commerce ," 38,89,364 ",acquired,USA,CA,SF Bay Area,San Francisco,3,2007-01-01,2007-Q1,2007,2008-05-01,2011-05-01,1877298,2012066,0,0,0,0,0,0,0,0,0,0,0,0,1512066,0,0,0,0,0,0
/organization/trdata,TRData,http://trdata.com,|Trading|Finance|, Finance ," 10,96,323 ",operating,USA,CA,CA - Other,Lucerne Valley,8,2009-08-01,2009-Q3,2009,2010-01-01,2013-07-01,985000,0,0,0,0,0,111323,0,0,0,0,0,0,0,0,0,0,0,0,0,0
/organization/trinity-biosystems,Trinity Biosystems,http://www.trinitybiosystems.com,|Biotechnology|, Biotechnology ," 2,85,00,000 ",closed,USA,CA,SF Bay Area,Menlo Park,2,2002-01-01,2002-Q1,2002,2006-07-18,2009-11-13,0,21000000,0,0,0,7500000,0,0,0,0,0,0,0,0,21000000,0,0,0,0,0,0
/organization/trips-idea,Tripsidea,http://www.tripsidea.com,|Travel|, Travel ," 50,000 ",operating,USA,NJ,Newark,Edison,1,2013-01-28,2013-Q1,2013,2013-02-01,2013-02-01,50000,0,0,0,0,0,0,0,0,0,0,0,0,0,0,0,0,0,0,0,0
/organization/triptease,Triptease,http://www.triptease.com,|Content|Photography|iPad|Social Media|Travel|Enterprise Software|, Photography ," 18,98,947 ",operating,USA,CA,SF Bay Area,San Francisco,2,2013-06-01,2013-Q2,2013,2012-12-31,2014-08-15,1668947,0,0,0,0,0,230000,0,0,0,0,0,0,0,0,0,0,0,0,0,0
/organization/turf-geography-club,Turf Geography Club,http://www.turfgeographyclub.com,|Mobile|, Mobile ," 8,90,000 ",closed,USA,NY,New York City,New York,2,2011-01-01,2011-Q1,2011,2011-08-15,2012-08-02,600000,0,0,0,0,290000,0,0,0,0,0,0,0,0,0,0,0,0,0,0,0
/organization/turn,Turn,http://www.turn.com,|Search|Advertising|, Advertising ," 13,75,00,000 ",operating,USA,CA,SF Bay Area,Redwood City,5,2004-01-01,2004-Q1,2004,2005-01-01,2014-01-13,0,137500000,0,0,0,0,0,0,0,0,0,0,0,7500000,15000000,15000000,20000000,80000000,0,0,0
/organization/tycoon-mobile-llc,Tycoon Mobile inc,http://www.tycoonmobile.com,|App Marketing|Mobile Coupons|Mobile|, Mobile ," 75,000 ",operating,USA,CA,SF Bay Area,San Ramon,1,2012-01-01,2012-Q1,2012,2009-10-14,2009-10-14,75000,0,0,0,0,0,0,0,0,0,0,0,0,0,0,0,0,0,0,0,0
/organization/unity-mobile,UNITY Mobile,http://www.unitymobile.com,|Web Development|Content|CRM|Analytics|Advertising|Mobile Video|SaaS|SMS|Publishing|Mobile|, SaaS , -   ,operating,USA,FL,Tampa,St. Petersburg,1,2007-01-01,2007-Q1,2007,2007-01-01,2007-01-01,0,0,0,0,0,0,0,0,0,0,0,0,0,0,0,0,0,0,0,0,0
/organization/unreal-brands,Unreal Brands,http://getunreal.com,|Hospitality|, Hospitality ," 1,86,89,487 ",operating,USA,MA,Boston,Boston,3,2012-07-01,2012-Q3,2012,2012-06-24,2013-11-26,0,4689485,0,0,0,0,0,0,14000002,0,0,0,0,0,0,0,0,0,0,0,0
/organization/vantos,Vantos,http://www.vantos.com,|Enterprise Software|, Enterprise Software ," 1,85,08,487 ",operating,USA,WA,Seattle,Seattle,4,2003-01-01,2003-Q1,2003,2005-07-22,2011-07-28,0,18073487,0,0,0,435000,0,0,0,0,0,0,0,6600000,10600000,0,0,0,0,0,0
/organization/veeker,Veeker,http://www.veeker.com,|Messaging|, Messaging ," 25,00,000 ",operating,USA,CA,SF Bay Area,San Francisco,1,2005-01-01,2005-Q1,2005,2007-02-15,2007-02-15,0,2500000,0,0,0,0,0,0,0,0,0,0,0,2500000,0,0,0,0,0,0,0
/organization/vestaron-corporation,Vestaron Corporation,http://www.vestaron.com,|Biotechnology|, Biotechnology ," 2,42,00,000 ",operating,USA,MI,Kalamazoo,Kalamazoo,3,2001-01-01,2001-Q1,2001,2012-05-08,2014-10-28,0,24200000,0,0,0,0,0,0,0,0,0,0,0,0,10200000,14000000,0,0,0,0,0
/organization/videoclix,VideoClix,http://www.videoclix.tv/index.php,|Advertising|, Advertising ," 96,00,000 ",operating,CAN,BC,Vancouver,Vancouver,1,1999-01-01,1999-Q1,1999,2007-12-09,2007-12-09,0,9600000,0,0,0,0,0,0,0,0,0,0,0,0,0,0,0,0,0,0,0
/organization/viewsiq,ViewsIQ,http://www.viewsiq.com,|Health Care Information Technology|, Health Care Information Technology ," 4,47,496 ",operating,CAN,BC,BC - Other,Richmond,3,2010-09-01,2010-Q3,2010,2010-07-08,2013-08-01,331306,0,0,0,0,0,116190,0,0,0,0,0,0,0,0,0,0,0,0,0,0
/organization/viglink,VigLink,http://www.viglink.com,|Monetization|Advertising|, Monetization ," 2,73,37,143 ",operating,USA,CA,SF Bay Area,San Francisco,5,2009-03-19,2009-Q1,2009,2009-06-01,2014-11-25,800000,26537143,0,0,0,0,0,0,0,0,0,0,0,1137143,5400000,20000000,0,0,0,0,0
/organization/vitrue,Vitrue,http://www.vitrue.com,|Advertising|Sales and Marketing|Social Media Marketing|Social Media Advertising|Social Media|Enterprise Software|, Enterprise Software ," 3,30,00,000 ",acquired,USA,GA,Atlanta,Atlanta,4,2006-05-01,2006-Q2,2006,2006-05-01,2011-02-17,2200000,30800000,0,0,0,0,0,0,0,0,0,0,0,3800000,10000000,17000000,0,0,0,0,0
/organization/vivid-logic,Vivid Logic,http://www.vividlogic.com,|Games|, Games ," 59,99,997 ",acquired,USA,CA,SF Bay Area,Fremont,2,1999-12-01,1999-Q4,1999,2005-11-17,2009-12-03,0,5999997,0,0,0,0,0,0,0,0,0,0,0,3000000,0,0,0,0,0,0,0
/organization/voapps,VoAPPs,http://www.voapps.com/,|Mobile|, Mobile ," 30,00,000 ",operating,USA,GA,Atlanta,Atlanta,2,2008-01-01,2008-Q1,2008,2013-06-14,2014-02-12,0,3000000,0,0,0,0,0,0,0,0,0,0,0,1500000,1500000,0,0,0,0,0,0
/organization/wdfa-marketing,WDFA Marketing,http://www.wdfamarketing.com,|Advertising|, Advertising , -   ,operating,USA,CA,SF Bay Area,San Francisco,1,2006-10-03,2006-Q4,2006,2011-07-24,2011-07-24,0,0,0,0,0,0,0,0,0,0,0,0,0,0,0,0,0,0,0,0,0
/organization/west-world-media,West World Media,http://www.westworldmedia.com,|News|, News ," 2,25,00,000 ",operating,USA,CT,Hartford,Ridgefield,1,2007-01-01,2007-Q1,2007,2011-09-16,2011-09-16,0,22500000,0,0,0,0,0,0,0,0,0,0,0,0,0,0,0,0,0,0,0
/organization/wildfang,Wildfang,http://www.wildfang.com,|Fashion|, Fashion ," 19,75,000 ",operating,USA,OR,"Portland, Oregon",Portland,2,2011-01-01,2011-Q1,2011,2013-03-11,2013-11-27,0,1975000,0,0,0,0,0,0,0,0,0,0,0,0,0,0,0,0,0,0,0
/organization/wordwatch,WordWatch,http://www.datafeedwatch.com,|Small and Medium Businesses|Semantic Search|Search|SEO|Advertising|, Semantic Search ," 14,00,000 ",operating,USA,CA,SF Bay Area,Foster City,1,2009-07-01,2009-Q3,2009,2011-07-14,2011-07-14,0,1400000,0,0,0,0,0,0,0,0,0,0,0,1400000,0,0,0,0,0,0,0
/organization/workboard,Workboard,http://www.workboard.com,|Collaboration|Business Productivity|Project Management|Software|, Business Productivity ," 27,50,000 ",operating,USA,CA,SF Bay Area,Redwood City,1,2013-01-01,2013-Q1,2013,2014-02-25,2014-02-25,0,2750000,0,0,0,0,0,0,0,0,0,0,0,2750000,0,0,0,0,0,0,0
/organization/xanofi,Xanofi,http://xanofi.com,|Nanotechnology|, Nanotechnology ," 9,75,456 ",operating,USA,NC,Raleigh,Raleigh,2,2010-01-01,2010-Q1,2010,2012-05-25,2013-07-12,0,825456,0,0,0,0,150000,0,0,0,0,0,0,0,0,0,0,0,0,0,0
/organization/xcalar,Xcalar,http://www.xcalar.com/,|Information Technology|, Information Technology ," 23,87,814 ",operating,USA,CA,SF Bay Area,Los Gatos,1,2013-01-01,2013-Q1,2013,2014-06-15,2014-06-15,0,2387814,0,0,0,0,0,0,0,0,0,0,0,0,0,0,0,0,0,0,0
/organization/xolve,Xolve,http://www.xolve.com,|Nanotechnology|, Nanotechnology ," 28,15,213 ",operating,USA,WI,Madison,Middleton,3,2008-01-01,2008-Q1,2008,2010-12-28,2014-04-09,0,2000000,0,0,0,815213,0,0,0,0,0,0,0,2000000,0,0,0,0,0,0,0
/organization/xradia,Xradia,http://www.xradia.com,|Biotechnology|, Biotechnology ," 70,00,000 ",acquired,USA,CA,SF Bay Area,Pleasanton,1,1999-01-01,1999-Q1,1999,2007-03-08,2007-03-08,0,7000000,0,0,0,0,0,0,0,0,0,0,0,0,0,0,7000000,0,0,0,0
/organization/yevvo,YEVVO,http://yevvo.com,|Video Streaming|Mobile Video|Mobile|, Video Streaming ," 42,00,000 ",operating,USA,CA,SF Bay Area,San Francisco,4,2012-03-01,2012-Q1,2012,2013-01-01,2014-02-12,0,3700000,0,0,0,0,500000,0,0,0,0,0,0,3700000,0,0,0,0,0,0,0
